Dataset,AnalysisLevel,GroupName,DetailedID,Slope,Intercept,Count,Identifier
AH_Axe,Year,All Years,All_Years,0.23473562215732488,14.982895155805576,15155,AH_Axe_All_Years
AH_Axe,YearTrend,Year 2022,Year_2022,-7.290237789755715e-05,15.639453063820085,6053,AH_Axe_Year_2022
AH_Axe,YearTrend,Year 2023,Year_2023,-7.887592482930357e-05,15.75150367957118,5018,AH_Axe_Year_2023
AH_Axe,YearTrend,Year 2024,Year_2024,-6.64454435727307e-05,15.886292218512278,4084,AH_Axe_Year_2024
AH_Axe,Month,January,Month_1,-9.094031786516974e-05,16.148306521084884,1581,AH_Axe_Month_1
AH_Axe,Month,February,Month_2,-0.00012598862342305187,16.130777434410657,1597,AH_Axe_Month_2
AH_Axe,Month,March,Month_3,-4.964658524733485e-05,15.737511784329273,1854,AH_Axe_Month_3
AH_Axe,Month,April,Month_4,-7.519421703056724e-05,15.942543814563786,1568,AH_Axe_Month_4
AH_Axe,Month,May,Month_5,-6.955067566306242e-05,15.649706283246969,1017,AH_Axe_Month_5
AH_Axe,Month,June,Month_6,-0.00016978848759365657,16.54308965107116,938,AH_Axe_Month_6
AH_Axe,Month,July,Month_7,-6.434769650124473e-05,15.895886572893275,927,AH_Axe_Month_7
AH_Axe,Month,August,Month_8,-6.300638832441002e-05,15.851024011425974,963,AH_Axe_Month_8
AH_Axe,Month,September,Month_9,-3.981650306122878e-05,15.469722612782384,890,AH_Axe_Month_9
AH_Axe,Month,October,Month_10,-7.613445002432813e-05,15.53561970043606,990,AH_Axe_Month_10
AH_Axe,Month,November,Month_11,-2.4355531409652014e-05,15.189575518869102,1210,AH_Axe_Month_11
AH_Axe,Month,December,Month_12,-0.00010635218563035382,15.449198052759561,1620,AH_Axe_Month_12
AH_Axe,DayOfWeekByMonth,January - Monday,Day_1_0,-0.00010083819053141688,15.96200989083651,183,AH_Axe_Day_1_0
AH_Axe,DayOfWeekByMonth,January - Tuesday,Day_1_1,1.433711610924721e-05,14.840328005905292,204,AH_Axe_Day_1_1
AH_Axe,DayOfWeekByMonth,January - Wednesday,Day_1_2,9.878794034325385e-06,15.235110355380979,207,AH_Axe_Day_1_2
AH_Axe,DayOfWeekByMonth,January - Thursday,Day_1_3,1.3114024751476193e-05,15.187273071660254,240,AH_Axe_Day_1_3
AH_Axe,DayOfWeekByMonth,January - Friday,Day_1_4,-0.00018026138091406654,17.21580333707942,296,AH_Axe_Day_1_4
AH_Axe,DayOfWeekByMonth,January - Saturday,Day_1_5,-0.00023766945752026278,17.566098538257098,324,AH_Axe_Day_1_5
AH_Axe,DayOfWeekByMonth,January - Sunday,Day_1_6,-7.787712790004029e-05,16.140515257871215,127,AH_Axe_Day_1_6
AH_Axe,DayOfWeekByMonth,October - Monday,Day_10_0,-7.811153756958035e-05,15.038903455406437,166,AH_Axe_Day_10_0
AH_Axe,DayOfWeekByMonth,October - Tuesday,Day_10_1,-9.75214567655583e-06,14.767809442296528,175,AH_Axe_Day_10_1
AH_Axe,DayOfWeekByMonth,October - Wednesday,Day_10_2,6.268345715950853e-05,14.263062788198644,142,AH_Axe_Day_10_2
AH_Axe,DayOfWeekByMonth,October - Thursday,Day_10_3,-3.0478752656041335e-05,14.78417958196687,126,AH_Axe_Day_10_3
AH_Axe,DayOfWeekByMonth,October - Friday,Day_10_4,-2.8536645142052847e-05,15.218288802338032,164,AH_Axe_Day_10_4
AH_Axe,DayOfWeekByMonth,October - Saturday,Day_10_5,-0.00046783759343063414,19.734611613117927,149,AH_Axe_Day_10_5
AH_Axe,DayOfWeekByMonth,October - Sunday,Day_10_6,-8.415519508835934e-05,16.06762179293274,68,AH_Axe_Day_10_6
AH_Axe,DayOfWeekByMonth,November - Monday,Day_11_0,5.2545904504559575e-05,13.986551722376467,163,AH_Axe_Day_11_0
AH_Axe,DayOfWeekByMonth,November - Tuesday,Day_11_1,-4.278171517132577e-05,15.057219351430911,156,AH_Axe_Day_11_1
AH_Axe,DayOfWeekByMonth,November - Wednesday,Day_11_2,-2.0224157517816178e-05,14.93656737398907,196,AH_Axe_Day_11_2
AH_Axe,DayOfWeekByMonth,November - Thursday,Day_11_3,1.1234852935963767e-05,14.65359722936957,121,AH_Axe_Day_11_3
AH_Axe,DayOfWeekByMonth,November - Friday,Day_11_4,4.099652249063613e-05,15.340797970257386,250,AH_Axe_Day_11_4
AH_Axe,DayOfWeekByMonth,November - Saturday,Day_11_5,-0.0002167638733878897,17.195111341608097,246,AH_Axe_Day_11_5
AH_Axe,DayOfWeekByMonth,November - Sunday,Day_11_6,0.00011690227903130853,13.435452011935556,78,AH_Axe_Day_11_6
AH_Axe,DayOfWeekByMonth,December - Monday,Day_12_0,-8.935737764771536e-05,14.62551449756231,235,AH_Axe_Day_12_0
AH_Axe,DayOfWeekByMonth,December - Tuesday,Day_12_1,-1.563715861571134e-05,15.488169763541055,228,AH_Axe_Day_12_1
AH_Axe,DayOfWeekByMonth,December - Wednesday,Day_12_2,-4.984550594481411e-05,14.774765439766238,244,AH_Axe_Day_12_2
AH_Axe,DayOfWeekByMonth,December - Thursday,Day_12_3,-0.00012818365232640587,15.75689514604959,255,AH_Axe_Day_12_3
AH_Axe,DayOfWeekByMonth,December - Friday,Day_12_4,-0.00016487176519895875,15.801018984275837,340,AH_Axe_Day_12_4
AH_Axe,DayOfWeekByMonth,December - Saturday,Day_12_5,-0.0001504183634153481,16.003460984864414,223,AH_Axe_Day_12_5
AH_Axe,DayOfWeekByMonth,December - Sunday,Day_12_6,-0.00021689137450906567,16.2627650549609,95,AH_Axe_Day_12_6
AH_Axe,DayOfWeekByMonth,February - Monday,Day_2_0,-4.252295832233027e-05,15.380960877744121,156,AH_Axe_Day_2_0
AH_Axe,DayOfWeekByMonth,February - Tuesday,Day_2_1,-8.60059724084503e-05,15.473743657773003,189,AH_Axe_Day_2_1
AH_Axe,DayOfWeekByMonth,February - Wednesday,Day_2_2,-2.8077256158868997e-05,15.069595590149827,218,AH_Axe_Day_2_2
AH_Axe,DayOfWeekByMonth,February - Thursday,Day_2_3,-3.384310958728818e-05,14.792814646705084,231,AH_Axe_Day_2_3
AH_Axe,DayOfWeekByMonth,February - Friday,Day_2_4,-0.00018277554717804613,17.01042922290388,316,AH_Axe_Day_2_4
AH_Axe,DayOfWeekByMonth,February - Saturday,Day_2_5,-0.00021046995707753918,17.307106777319145,356,AH_Axe_Day_2_5
AH_Axe,DayOfWeekByMonth,February - Sunday,Day_2_6,-0.00022320144147262164,16.397898768099733,131,AH_Axe_Day_2_6
AH_Axe,DayOfWeekByMonth,March - Monday,Day_3_0,3.417029440640542e-05,14.825720984160192,201,AH_Axe_Day_3_0
AH_Axe,DayOfWeekByMonth,March - Tuesday,Day_3_1,1.784800932115214e-05,15.199275991404647,244,AH_Axe_Day_3_1
AH_Axe,DayOfWeekByMonth,March - Wednesday,Day_3_2,0.00012433844835602756,14.156834960645687,283,AH_Axe_Day_3_2
AH_Axe,DayOfWeekByMonth,March - Thursday,Day_3_3,3.7597258507664e-05,14.666007881706358,261,AH_Axe_Day_3_3
AH_Axe,DayOfWeekByMonth,March - Friday,Day_3_4,-0.00021079125142819838,17.25893501318814,332,AH_Axe_Day_3_4
AH_Axe,DayOfWeekByMonth,March - Saturday,Day_3_5,-0.0002227805964875899,17.620823187283243,378,AH_Axe_Day_3_5
AH_Axe,DayOfWeekByMonth,March - Sunday,Day_3_6,3.3384623613980114e-05,14.954619805123562,155,AH_Axe_Day_3_6
AH_Axe,DayOfWeekByMonth,April - Monday,Day_4_0,8.866196597575778e-06,15.22223785237865,159,AH_Axe_Day_4_0
AH_Axe,DayOfWeekByMonth,April - Tuesday,Day_4_1,-3.7610925903151656e-05,15.403810556226855,223,AH_Axe_Day_4_1
AH_Axe,DayOfWeekByMonth,April - Wednesday,Day_4_2,3.347645240464565e-05,14.676755227708133,240,AH_Axe_Day_4_2
AH_Axe,DayOfWeekByMonth,April - Thursday,Day_4_3,-3.561550592667994e-05,15.444492147669454,221,AH_Axe_Day_4_3
AH_Axe,DayOfWeekByMonth,April - Friday,Day_4_4,-6.576464630847884e-05,16.2572581469916,301,AH_Axe_Day_4_4
AH_Axe,DayOfWeekByMonth,April - Saturday,Day_4_5,-0.00021138895548185226,17.36321427373273,308,AH_Axe_Day_4_5
AH_Axe,DayOfWeekByMonth,April - Sunday,Day_4_6,-0.0002976632701237843,17.74767843043985,116,AH_Axe_Day_4_6
AH_Axe,DayOfWeekByMonth,May - Monday,Day_5_0,-5.2090930672970504e-05,14.68581609717988,113,AH_Axe_Day_5_0
AH_Axe,DayOfWeekByMonth,May - Tuesday,Day_5_1,-0.00013054469985347757,16.653951614609166,144,AH_Axe_Day_5_1
AH_Axe,DayOfWeekByMonth,May - Wednesday,Day_5_2,-1.5213925306541793e-05,14.75540109154086,192,AH_Axe_Day_5_2
AH_Axe,DayOfWeekByMonth,May - Thursday,Day_5_3,-6.621797647131945e-05,15.820144160800465,131,AH_Axe_Day_5_3
AH_Axe,DayOfWeekByMonth,May - Friday,Day_5_4,4.124049226795792e-05,14.729988637654989,171,AH_Axe_Day_5_4
AH_Axe,DayOfWeekByMonth,May - Saturday,Day_5_5,-0.0002503042260364605,17.352310298309384,186,AH_Axe_Day_5_5
AH_Axe,DayOfWeekByMonth,May - Sunday,Day_5_6,7.05347828232939e-05,14.935571668288153,80,AH_Axe_Day_5_6
AH_Axe,DayOfWeekByMonth,June - Monday,Day_6_0,-0.00022723763651756696,16.156563919424666,125,AH_Axe_Day_6_0
AH_Axe,DayOfWeekByMonth,June - Tuesday,Day_6_1,-7.827401956850514e-05,15.355132231146698,132,AH_Axe_Day_6_1
AH_Axe,DayOfWeekByMonth,June - Wednesday,Day_6_2,-0.00016617254037737207,16.543341682198186,140,AH_Axe_Day_6_2
AH_Axe,DayOfWeekByMonth,June - Thursday,Day_6_3,-9.75849838573943e-05,15.732823603351344,165,AH_Axe_Day_6_3
AH_Axe,DayOfWeekByMonth,June - Friday,Day_6_4,-0.0002850163443756087,17.613664763324735,161,AH_Axe_Day_6_4
AH_Axe,DayOfWeekByMonth,June - Saturday,Day_6_5,-0.00024002481482542263,18.029797481541316,143,AH_Axe_Day_6_5
AH_Axe,DayOfWeekByMonth,June - Sunday,Day_6_6,-1.2670184080723892e-05,15.773995171579653,72,AH_Axe_Day_6_6
AH_Axe,DayOfWeekByMonth,July - Monday,Day_7_0,-7.854536209667506e-05,15.699079981262626,109,AH_Axe_Day_7_0
AH_Axe,DayOfWeekByMonth,July - Tuesday,Day_7_1,4.153174134917168e-05,15.212601972197378,128,AH_Axe_Day_7_1
AH_Axe,DayOfWeekByMonth,July - Wednesday,Day_7_2,-8.972421817370723e-05,15.51912975217616,127,AH_Axe_Day_7_2
AH_Axe,DayOfWeekByMonth,July - Thursday,Day_7_3,4.243009180491651e-05,14.840131601774118,142,AH_Axe_Day_7_3
AH_Axe,DayOfWeekByMonth,July - Friday,Day_7_4,-0.0001280182777390838,17.068741738846356,181,AH_Axe_Day_7_4
AH_Axe,DayOfWeekByMonth,July - Saturday,Day_7_5,-0.00018102127197219372,17.159738057906598,144,AH_Axe_Day_7_5
AH_Axe,DayOfWeekByMonth,July - Sunday,Day_7_6,-6.298600705860157e-05,15.330586729553799,96,AH_Axe_Day_7_6
AH_Axe,DayOfWeekByMonth,August - Monday,Day_8_0,-2.751975267460133e-05,14.711728471753016,117,AH_Axe_Day_8_0
AH_Axe,DayOfWeekByMonth,August - Tuesday,Day_8_1,-2.9578882215208862e-05,16.15500498426545,174,AH_Axe_Day_8_1
AH_Axe,DayOfWeekByMonth,August - Wednesday,Day_8_2,3.269997974484047e-05,15.095496669060323,157,AH_Axe_Day_8_2
AH_Axe,DayOfWeekByMonth,August - Thursday,Day_8_3,-5.446632070718624e-05,15.60293100354417,141,AH_Axe_Day_8_3
AH_Axe,DayOfWeekByMonth,August - Friday,Day_8_4,-7.330839400297547e-05,16.263990498352413,167,AH_Axe_Day_8_4
AH_Axe,DayOfWeekByMonth,August - Saturday,Day_8_5,-0.0002991904749077205,18.05055277647837,132,AH_Axe_Day_8_5
AH_Axe,DayOfWeekByMonth,August - Sunday,Day_8_6,-4.54972296138693e-05,15.115171272575221,75,AH_Axe_Day_8_6
AH_Axe,DayOfWeekByMonth,September - Monday,Day_9_0,8.725681917570483e-05,13.70777784290899,92,AH_Axe_Day_9_0
AH_Axe,DayOfWeekByMonth,September - Tuesday,Day_9_1,0.00020186515567725474,13.99583664152716,140,AH_Axe_Day_9_1
AH_Axe,DayOfWeekByMonth,September - Wednesday,Day_9_2,1.2120858359007247e-05,15.088769844454172,159,AH_Axe_Day_9_2
AH_Axe,DayOfWeekByMonth,September - Thursday,Day_9_3,-6.517120725874095e-05,15.338461812269305,110,AH_Axe_Day_9_3
AH_Axe,DayOfWeekByMonth,September - Friday,Day_9_4,-0.00013954262468040518,15.55079188470854,176,AH_Axe_Day_9_4
AH_Axe,DayOfWeekByMonth,September - Saturday,Day_9_5,-0.00029320469651722734,19.032847566244303,154,AH_Axe_Day_9_5
AH_Axe,DayOfWeekByMonth,September - Sunday,Day_9_6,-4.145703855533763e-05,14.396259571710036,59,AH_Axe_Day_9_6
Novi_Axe,Year,All Years,All_Years,0.11898933129461925,15.630467503285699,12020,Novi_Axe_All_Years
Novi_Axe,YearTrend,Year 2022,Year_2022,-5.074495877208303e-05,16.08439926217345,3008,Novi_Axe_Year_2022
Novi_Axe,YearTrend,Year 2023,Year_2023,6.160976073726458e-06,15.522536632256033,4865,Novi_Axe_Year_2023
Novi_Axe,YearTrend,Year 2024,Year_2024,1.4358884624657205e-05,15.892001183980353,4147,Novi_Axe_Year_2024
Novi_Axe,Month,January,Month_1,2.2774112280074492e-05,15.513146721870884,981,Novi_Axe_Month_1
Novi_Axe,Month,February,Month_2,-2.4915879005426543e-05,16.118462449300242,1069,Novi_Axe_Month_2
Novi_Axe,Month,March,Month_3,-1.0691720635212226e-05,16.149291744540143,1064,Novi_Axe_Month_3
Novi_Axe,Month,April,Month_4,1.712315286355771e-06,15.645831275697628,859,Novi_Axe_Month_4
Novi_Axe,Month,May,Month_5,2.7822369447283037e-05,15.867243724080042,772,Novi_Axe_Month_5
Novi_Axe,Month,June,Month_6,-1.082879445406666e-05,16.16334055371793,872,Novi_Axe_Month_6
Novi_Axe,Month,July,Month_7,-5.364579322005978e-05,16.375029502076146,963,Novi_Axe_Month_7
Novi_Axe,Month,August,Month_8,5.840749581767146e-06,16.138446147204387,898,Novi_Axe_Month_8
Novi_Axe,Month,September,Month_9,5.427614303802544e-05,15.536791111137381,830,Novi_Axe_Month_9
Novi_Axe,Month,October,Month_10,-1.1051592310476575e-05,15.998588386180426,985,Novi_Axe_Month_10
Novi_Axe,Month,November,Month_11,-2.0590620950392475e-05,15.467254823960833,1212,Novi_Axe_Month_11
Novi_Axe,Month,December,Month_12,3.5035038811839476e-06,14.902440115742815,1515,Novi_Axe_Month_12
Novi_Axe,DayOfWeekByMonth,January - Monday,Day_1_0,0.00012335448593086277,13.329440603252968,99,Novi_Axe_Day_1_0
Novi_Axe,DayOfWeekByMonth,January - Tuesday,Day_1_1,-7.575046788782501e-05,16.063166496554235,105,Novi_Axe_Day_1_1
Novi_Axe,DayOfWeekByMonth,January - Wednesday,Day_1_2,8.049765005818806e-05,14.230380769492772,101,Novi_Axe_Day_1_2
Novi_Axe,DayOfWeekByMonth,January - Thursday,Day_1_3,0.00018285966994819474,14.39555193724116,98,Novi_Axe_Day_1_3
Novi_Axe,DayOfWeekByMonth,January - Friday,Day_1_4,-8.58884805965158e-05,16.289889197969163,214,Novi_Axe_Day_1_4
Novi_Axe,DayOfWeekByMonth,January - Saturday,Day_1_5,5.434936005465056e-05,16.21679592781772,307,Novi_Axe_Day_1_5
Novi_Axe,DayOfWeekByMonth,January - Sunday,Day_1_6,-0.0001520954214628984,15.730914030050549,57,Novi_Axe_Day_1_6
Novi_Axe,DayOfWeekByMonth,October - Monday,Day_10_0,-7.645302590929966e-05,14.44649008841367,130,Novi_Axe_Day_10_0
Novi_Axe,DayOfWeekByMonth,October - Tuesday,Day_10_1,3.1005990633395294e-05,14.535898380461843,133,Novi_Axe_Day_10_1
Novi_Axe,DayOfWeekByMonth,October - Wednesday,Day_10_2,3.4003618474136155e-05,15.143868464800565,101,Novi_Axe_Day_10_2
Novi_Axe,DayOfWeekByMonth,October - Thursday,Day_10_3,-3.081528767775266e-05,14.984392955845333,143,Novi_Axe_Day_10_3
Novi_Axe,DayOfWeekByMonth,October - Friday,Day_10_4,8.06700411812972e-05,16.101288748703723,176,Novi_Axe_Day_10_4
Novi_Axe,DayOfWeekByMonth,October - Saturday,Day_10_5,-2.0620357960379067e-05,18.12099580621955,235,Novi_Axe_Day_10_5
Novi_Axe,DayOfWeekByMonth,October - Sunday,Day_10_6,5.454794917868319e-05,16.22503456527281,67,Novi_Axe_Day_10_6
Novi_Axe,DayOfWeekByMonth,November - Monday,Day_11_0,5.158626719088174e-06,13.945848236598156,131,Novi_Axe_Day_11_0
Novi_Axe,DayOfWeekByMonth,November - Tuesday,Day_11_1,2.3618759368234058e-05,13.49094892383888,146,Novi_Axe_Day_11_1
Novi_Axe,DayOfWeekByMonth,November - Wednesday,Day_11_2,5.447129827258649e-06,14.951069650867971,171,Novi_Axe_Day_11_2
Novi_Axe,DayOfWeekByMonth,November - Thursday,Day_11_3,-2.4840560481444028e-05,15.323226612213995,141,Novi_Axe_Day_11_3
Novi_Axe,DayOfWeekByMonth,November - Friday,Day_11_4,3.1548141786985856e-05,15.40157352266913,262,Novi_Axe_Day_11_4
Novi_Axe,DayOfWeekByMonth,November - Saturday,Day_11_5,-0.00011987735115015392,17.748255303019285,282,Novi_Axe_Day_11_5
Novi_Axe,DayOfWeekByMonth,November - Sunday,Day_11_6,3.508296004288141e-05,14.878550873570369,79,Novi_Axe_Day_11_6
Novi_Axe,DayOfWeekByMonth,December - Monday,Day_12_0,-6.673924420669408e-05,14.819731983002528,158,Novi_Axe_Day_12_0
Novi_Axe,DayOfWeekByMonth,December - Tuesday,Day_12_1,-1.5324192163944785e-05,14.671941144675834,225,Novi_Axe_Day_12_1
Novi_Axe,DayOfWeekByMonth,December - Wednesday,Day_12_2,-5.5575173157299414e-05,14.596546972240036,204,Novi_Axe_Day_12_2
Novi_Axe,DayOfWeekByMonth,December - Thursday,Day_12_3,6.093973630680359e-05,14.37160658938989,266,Novi_Axe_Day_12_3
Novi_Axe,DayOfWeekByMonth,December - Friday,Day_12_4,3.3726689143773096e-05,15.159764000685131,309,Novi_Axe_Day_12_4
Novi_Axe,DayOfWeekByMonth,December - Saturday,Day_12_5,-1.319077404950296e-05,15.839999652246146,236,Novi_Axe_Day_12_5
Novi_Axe,DayOfWeekByMonth,December - Sunday,Day_12_6,2.5143707128882406e-05,14.840834796778168,117,Novi_Axe_Day_12_6
Novi_Axe,DayOfWeekByMonth,February - Monday,Day_2_0,4.5505512706267916e-05,13.73708177062275,77,Novi_Axe_Day_2_0
Novi_Axe,DayOfWeekByMonth,February - Tuesday,Day_2_1,2.42262596384249e-05,14.853759596891127,120,Novi_Axe_Day_2_1
Novi_Axe,DayOfWeekByMonth,February - Wednesday,Day_2_2,3.5312579004528964e-05,16.028816037718812,111,Novi_Axe_Day_2_2
Novi_Axe,DayOfWeekByMonth,February - Thursday,Day_2_3,8.255160387299699e-06,15.892313998264116,139,Novi_Axe_Day_2_3
Novi_Axe,DayOfWeekByMonth,February - Friday,Day_2_4,-4.6974162827019786e-05,16.859404673659526,209,Novi_Axe_Day_2_4
Novi_Axe,DayOfWeekByMonth,February - Saturday,Day_2_5,-3.847430192596499e-05,16.660258567081243,313,Novi_Axe_Day_2_5
Novi_Axe,DayOfWeekByMonth,February - Sunday,Day_2_6,-0.00014774758251084272,16.53858942064001,100,Novi_Axe_Day_2_6
Novi_Axe,DayOfWeekByMonth,March - Monday,Day_3_0,9.723704209187033e-06,15.039800801064805,71,Novi_Axe_Day_3_0
Novi_Axe,DayOfWeekByMonth,March - Tuesday,Day_3_1,0.0001032992761189704,14.010474659102734,125,Novi_Axe_Day_3_1
Novi_Axe,DayOfWeekByMonth,March - Wednesday,Day_3_2,-6.105490399140666e-05,16.27662506750855,108,Novi_Axe_Day_3_2
Novi_Axe,DayOfWeekByMonth,March - Thursday,Day_3_3,-5.71075932825623e-05,15.566696878361798,117,Novi_Axe_Day_3_3
Novi_Axe,DayOfWeekByMonth,March - Friday,Day_3_4,-0.00010764927118422796,17.267839091503358,230,Novi_Axe_Day_3_4
Novi_Axe,DayOfWeekByMonth,March - Saturday,Day_3_5,1.3289567464670271e-05,16.93831305055001,305,Novi_Axe_Day_3_5
Novi_Axe,DayOfWeekByMonth,March - Sunday,Day_3_6,2.6286693782050956e-05,15.655283790995302,108,Novi_Axe_Day_3_6
Novi_Axe,DayOfWeekByMonth,April - Monday,Day_4_0,-2.6814083498743914e-05,13.662859805143537,66,Novi_Axe_Day_4_0
Novi_Axe,DayOfWeekByMonth,April - Tuesday,Day_4_1,9.021828852084847e-05,14.218235195897906,97,Novi_Axe_Day_4_1
Novi_Axe,DayOfWeekByMonth,April - Wednesday,Day_4_2,5.207767751189433e-05,15.031389671392503,70,Novi_Axe_Day_4_2
Novi_Axe,DayOfWeekByMonth,April - Thursday,Day_4_3,2.44037873778263e-05,14.419566798150024,94,Novi_Axe_Day_4_3
Novi_Axe,DayOfWeekByMonth,April - Friday,Day_4_4,-5.728289572871694e-05,16.636935324085755,199,Novi_Axe_Day_4_4
Novi_Axe,DayOfWeekByMonth,April - Saturday,Day_4_5,-8.686399721459019e-05,17.29462196402179,242,Novi_Axe_Day_4_5
Novi_Axe,DayOfWeekByMonth,April - Sunday,Day_4_6,0.0001148134553010815,14.568669052833298,91,Novi_Axe_Day_4_6
Novi_Axe,DayOfWeekByMonth,May - Monday,Day_5_0,0.00016037983071141488,13.635915079860652,74,Novi_Axe_Day_5_0
Novi_Axe,DayOfWeekByMonth,May - Tuesday,Day_5_1,0.00014537229388028515,14.792991775087666,97,Novi_Axe_Day_5_1
Novi_Axe,DayOfWeekByMonth,May - Wednesday,Day_5_2,4.85403785119527e-05,14.924108654355875,98,Novi_Axe_Day_5_2
Novi_Axe,DayOfWeekByMonth,May - Thursday,Day_5_3,-5.721440148294116e-05,15.04693373608995,102,Novi_Axe_Day_5_3
Novi_Axe,DayOfWeekByMonth,May - Friday,Day_5_4,4.537712914155186e-05,16.549722785167685,158,Novi_Axe_Day_5_4
Novi_Axe,DayOfWeekByMonth,May - Saturday,Day_5_5,-0.00011749475600001835,18.27332799912424,179,Novi_Axe_Day_5_5
Novi_Axe,DayOfWeekByMonth,May - Sunday,Day_5_6,-0.00010491402587021945,16.02371721414226,64,Novi_Axe_Day_5_6
Novi_Axe,DayOfWeekByMonth,June - Monday,Day_6_0,-4.725837861092825e-05,15.868055152239526,91,Novi_Axe_Day_6_0
Novi_Axe,DayOfWeekByMonth,June - Tuesday,Day_6_1,-8.331046239701096e-06,15.82677126106151,101,Novi_Axe_Day_6_1
Novi_Axe,DayOfWeekByMonth,June - Wednesday,Day_6_2,5.932855113540581e-05,14.529396418094676,127,Novi_Axe_Day_6_2
Novi_Axe,DayOfWeekByMonth,June - Thursday,Day_6_3,-0.00012242366181677904,16.803007917082667,114,Novi_Axe_Day_6_3
Novi_Axe,DayOfWeekByMonth,June - Friday,Day_6_4,4.5378459579930595e-05,16.20629541870809,153,Novi_Axe_Day_6_4
Novi_Axe,DayOfWeekByMonth,June - Saturday,Day_6_5,-1.8510152899265586e-05,17.37336284260403,171,Novi_Axe_Day_6_5
Novi_Axe,DayOfWeekByMonth,June - Sunday,Day_6_6,4.849873570530626e-05,15.542340372582334,115,Novi_Axe_Day_6_6
Novi_Axe,DayOfWeekByMonth,July - Monday,Day_7_0,-3.927168903871633e-05,14.92788613511678,85,Novi_Axe_Day_7_0
Novi_Axe,DayOfWeekByMonth,July - Tuesday,Day_7_1,-9.619656578715645e-05,15.183218374817539,102,Novi_Axe_Day_7_1
Novi_Axe,DayOfWeekByMonth,July - Wednesday,Day_7_2,-3.781729580405598e-05,15.936411696218961,120,Novi_Axe_Day_7_2
Novi_Axe,DayOfWeekByMonth,July - Thursday,Day_7_3,3.908123957628848e-05,15.088756075345762,121,Novi_Axe_Day_7_3
Novi_Axe,DayOfWeekByMonth,July - Friday,Day_7_4,3.263524442189039e-06,17.024235655597504,183,Novi_Axe_Day_7_4
Novi_Axe,DayOfWeekByMonth,July - Saturday,Day_7_5,-7.518246393888876e-05,17.67650906688898,242,Novi_Axe_Day_7_5
Novi_Axe,DayOfWeekByMonth,July - Sunday,Day_7_6,-0.00018648738531598777,16.445225695832228,110,Novi_Axe_Day_7_6
Novi_Axe,DayOfWeekByMonth,August - Monday,Day_8_0,5.825462599560973e-05,14.380496570746054,82,Novi_Axe_Day_8_0
Novi_Axe,DayOfWeekByMonth,August - Tuesday,Day_8_1,-6.207058074830821e-05,16.332323555491048,137,Novi_Axe_Day_8_1
Novi_Axe,DayOfWeekByMonth,August - Wednesday,Day_8_2,4.095796409085785e-05,14.879388767085374,101,Novi_Axe_Day_8_2
Novi_Axe,DayOfWeekByMonth,August - Thursday,Day_8_3,0.00014676962361737293,14.339934933376238,125,Novi_Axe_Day_8_3
Novi_Axe,DayOfWeekByMonth,August - Friday,Day_8_4,-0.00010903663878467708,17.41934609173942,180,Novi_Axe_Day_8_4
Novi_Axe,DayOfWeekByMonth,August - Saturday,Day_8_5,4.478802738946635e-05,17.501261044789633,200,Novi_Axe_Day_8_5
Novi_Axe,DayOfWeekByMonth,August - Sunday,Day_8_6,8.59596759483416e-05,14.834134378230582,73,Novi_Axe_Day_8_6
Novi_Axe,DayOfWeekByMonth,September - Monday,Day_9_0,0.00019760706459513678,13.406535225628058,63,Novi_Axe_Day_9_0
Novi_Axe,DayOfWeekByMonth,September - Tuesday,Day_9_1,2.1460609806263636e-05,15.33065706457267,102,Novi_Axe_Day_9_1
Novi_Axe,DayOfWeekByMonth,September - Wednesday,Day_9_2,0.00018990224988263643,13.848116377390848,100,Novi_Axe_Day_9_2
Novi_Axe,DayOfWeekByMonth,September - Thursday,Day_9_3,0.00020186277833319322,13.1824137061631,105,Novi_Axe_Day_9_3
Novi_Axe,DayOfWeekByMonth,September - Friday,Day_9_4,2.27677750907899e-05,16.225985279158305,215,Novi_Axe_Day_9_4
Novi_Axe,DayOfWeekByMonth,September - Saturday,Day_9_5,-5.254578013579608e-05,17.627512498451733,197,Novi_Axe_Day_9_5
Novi_Axe,DayOfWeekByMonth,September - Sunday,Day_9_6,-0.00018821193660501255,16.422980545424945,48,Novi_Axe_Day_9_6
AH_FB,Year,All Years,All_Years,0.041859418281238146,15.122986043421225,13979,AH_FB_All_Years
AH_FB,YearTrend,Year 2022,Year_2022,-0.0001121051774240321,16.02186808890479,5839,AH_FB_Year_2022
AH_FB,YearTrend,Year 2023,Year_2023,-8.534317974058767e-05,15.677344244680507,4245,AH_FB_Year_2023
AH_FB,YearTrend,Year 2024,Year_2024,-3.069650133519862e-05,15.433399185226612,3895,AH_FB_Year_2024
AH_FB,Month,January,Month_1,-3.940340852943688e-05,15.46473835744837,1336,AH_FB_Month_1
AH_FB,Month,February,Month_2,-0.00010744228929474386,15.90312519120703,1434,AH_FB_Month_2
AH_FB,Month,March,Month_3,-0.0001007133758643644,15.80491160091466,1574,AH_FB_Month_3
AH_FB,Month,April,Month_4,-8.050586989989053e-05,15.930290938939958,1282,AH_FB_Month_4
AH_FB,Month,May,Month_5,-0.00013135296765163243,16.11145325180766,911,AH_FB_Month_5
AH_FB,Month,June,Month_6,-8.333818887085265e-05,15.979896022474424,907,AH_FB_Month_6
AH_FB,Month,July,Month_7,-0.0001270439536259856,16.435262773001792,890,AH_FB_Month_7
AH_FB,Month,August,Month_8,-9.752790827893555e-05,15.86090759613807,967,AH_FB_Month_8
AH_FB,Month,September,Month_9,-9.150624307364188e-05,16.00460247779461,837,AH_FB_Month_9
AH_FB,Month,October,Month_10,-2.6992062136750042e-05,15.303805511870264,977,AH_FB_Month_10
AH_FB,Month,November,Month_11,-4.428213640457778e-05,15.427136455589434,1214,AH_FB_Month_11
AH_FB,Month,December,Month_12,-7.772670801224366e-05,15.12743757179834,1650,AH_FB_Month_12
AH_FB,DayOfWeekByMonth,January - Monday,Day_1_0,5.5272744031208824e-05,14.384658386316689,146,AH_FB_Day_1_0
AH_FB,DayOfWeekByMonth,January - Tuesday,Day_1_1,2.29513988024233e-05,14.960515273118887,198,AH_FB_Day_1_1
AH_FB,DayOfWeekByMonth,January - Wednesday,Day_1_2,-0.00010378529779450974,15.121868690138681,177,AH_FB_Day_1_2
AH_FB,DayOfWeekByMonth,January - Thursday,Day_1_3,8.347955479330329e-05,14.977871637343622,174,AH_FB_Day_1_3
AH_FB,DayOfWeekByMonth,January - Friday,Day_1_4,-4.290561629417876e-05,16.269387107581828,252,AH_FB_Day_1_4
AH_FB,DayOfWeekByMonth,January - Saturday,Day_1_5,-0.0001895744465866375,16.441695311580396,264,AH_FB_Day_1_5
AH_FB,DayOfWeekByMonth,January - Sunday,Day_1_6,-1.4721848010514903e-05,15.17778834319244,125,AH_FB_Day_1_6
AH_FB,DayOfWeekByMonth,October - Monday,Day_10_0,-1.0284357134813972e-05,14.614042756547732,131,AH_FB_Day_10_0
AH_FB,DayOfWeekByMonth,October - Tuesday,Day_10_1,-4.06671850442754e-05,15.163699793796129,172,AH_FB_Day_10_1
AH_FB,DayOfWeekByMonth,October - Wednesday,Day_10_2,0.0001152136947553043,14.181667654690505,140,AH_FB_Day_10_2
AH_FB,DayOfWeekByMonth,October - Thursday,Day_10_3,-2.218062196861261e-06,14.846942765619298,125,AH_FB_Day_10_3
AH_FB,DayOfWeekByMonth,October - Friday,Day_10_4,-5.329265934737781e-05,15.149936578413513,172,AH_FB_Day_10_4
AH_FB,DayOfWeekByMonth,October - Saturday,Day_10_5,-0.0002934259259926939,18.538780245872246,166,AH_FB_Day_10_5
AH_FB,DayOfWeekByMonth,October - Sunday,Day_10_6,0.0001134953704261272,14.541312426640093,71,AH_FB_Day_10_6
AH_FB,DayOfWeekByMonth,November - Monday,Day_11_0,4.7793656286433226e-05,14.180646298794832,152,AH_FB_Day_11_0
AH_FB,DayOfWeekByMonth,November - Tuesday,Day_11_1,-7.9918196276799e-05,15.062835287776727,154,AH_FB_Day_11_1
AH_FB,DayOfWeekByMonth,November - Wednesday,Day_11_2,-0.0001319871454031677,16.057411436938754,189,AH_FB_Day_11_2
AH_FB,DayOfWeekByMonth,November - Thursday,Day_11_3,1.1322274841695678e-05,14.714633783370648,151,AH_FB_Day_11_3
AH_FB,DayOfWeekByMonth,November - Friday,Day_11_4,4.389568465281662e-05,15.148970396500738,240,AH_FB_Day_11_4
AH_FB,DayOfWeekByMonth,November - Saturday,Day_11_5,-0.0002702371155411278,17.981408095017546,237,AH_FB_Day_11_5
AH_FB,DayOfWeekByMonth,November - Sunday,Day_11_6,1.2798582550521555e-05,14.79151622642424,91,AH_FB_Day_11_6
AH_FB,DayOfWeekByMonth,December - Monday,Day_12_0,-7.38799091405634e-05,14.6685439551473,258,AH_FB_Day_12_0
AH_FB,DayOfWeekByMonth,December - Tuesday,Day_12_1,-5.019079980181751e-05,14.982679646120474,234,AH_FB_Day_12_1
AH_FB,DayOfWeekByMonth,December - Wednesday,Day_12_2,-4.013705923251979e-05,15.179268229174566,251,AH_FB_Day_12_2
AH_FB,DayOfWeekByMonth,December - Thursday,Day_12_3,4.691514047104491e-05,14.209083532304351,280,AH_FB_Day_12_3
AH_FB,DayOfWeekByMonth,December - Friday,Day_12_4,-0.00017404046349197547,15.549977835246448,328,AH_FB_Day_12_4
AH_FB,DayOfWeekByMonth,December - Saturday,Day_12_5,-0.0002106460825442743,16.861079287478553,199,AH_FB_Day_12_5
AH_FB,DayOfWeekByMonth,December - Sunday,Day_12_6,-6.102787266407169e-05,14.699783355157654,100,AH_FB_Day_12_6
AH_FB,DayOfWeekByMonth,February - Monday,Day_2_0,-4.020669443318394e-05,15.130735661875214,174,AH_FB_Day_2_0
AH_FB,DayOfWeekByMonth,February - Tuesday,Day_2_1,-0.00012869694936548898,15.92779098116046,167,AH_FB_Day_2_1
AH_FB,DayOfWeekByMonth,February - Wednesday,Day_2_2,-0.00015875008580215264,15.951272732859518,175,AH_FB_Day_2_2
AH_FB,DayOfWeekByMonth,February - Thursday,Day_2_3,1.649759178089763e-05,15.091225288807237,212,AH_FB_Day_2_3
AH_FB,DayOfWeekByMonth,February - Friday,Day_2_4,-0.00021541688141397532,17.362904634124927,256,AH_FB_Day_2_4
AH_FB,DayOfWeekByMonth,February - Saturday,Day_2_5,-0.00012798316483141273,16.016259771345887,287,AH_FB_Day_2_5
AH_FB,DayOfWeekByMonth,February - Sunday,Day_2_6,-5.280975357065817e-05,15.34370719192194,163,AH_FB_Day_2_6
AH_FB,DayOfWeekByMonth,March - Monday,Day_3_0,-2.179681785992296e-05,14.649952028492748,183,AH_FB_Day_3_0
AH_FB,DayOfWeekByMonth,March - Tuesday,Day_3_1,-4.156023170108326e-05,15.808237633160271,230,AH_FB_Day_3_1
AH_FB,DayOfWeekByMonth,March - Wednesday,Day_3_2,1.6333387112967686e-05,14.739413461195625,254,AH_FB_Day_3_2
AH_FB,DayOfWeekByMonth,March - Thursday,Day_3_3,-0.00012557087302778015,15.873964682619528,222,AH_FB_Day_3_3
AH_FB,DayOfWeekByMonth,March - Friday,Day_3_4,-0.00022604736745648226,16.89884858867716,276,AH_FB_Day_3_4
AH_FB,DayOfWeekByMonth,March - Saturday,Day_3_5,-0.00020782749925843364,17.020078547069815,272,AH_FB_Day_3_5
AH_FB,DayOfWeekByMonth,March - Sunday,Day_3_6,-7.85233013584784e-05,15.474150701135834,137,AH_FB_Day_3_6
AH_FB,DayOfWeekByMonth,April - Monday,Day_4_0,5.568327355063955e-05,14.356494862861895,175,AH_FB_Day_4_0
AH_FB,DayOfWeekByMonth,April - Tuesday,Day_4_1,-0.00011635337461704546,16.192634923883265,178,AH_FB_Day_4_1
AH_FB,DayOfWeekByMonth,April - Wednesday,Day_4_2,8.151633481121263e-05,14.858020917138333,196,AH_FB_Day_4_2
AH_FB,DayOfWeekByMonth,April - Thursday,Day_4_3,5.397862899540157e-06,14.792423586150008,166,AH_FB_Day_4_3
AH_FB,DayOfWeekByMonth,April - Friday,Day_4_4,-0.0001526656748583941,16.95464869949343,254,AH_FB_Day_4_4
AH_FB,DayOfWeekByMonth,April - Saturday,Day_4_5,-0.00022322739616547935,17.312360130620082,236,AH_FB_Day_4_5
AH_FB,DayOfWeekByMonth,April - Sunday,Day_4_6,-0.00021110186973367218,16.745014497403936,77,AH_FB_Day_4_6
AH_FB,DayOfWeekByMonth,May - Monday,Day_5_0,-9.671600661305487e-05,14.61232458826186,88,AH_FB_Day_5_0
AH_FB,DayOfWeekByMonth,May - Tuesday,Day_5_1,-0.00014680718225783176,16.07820826880425,122,AH_FB_Day_5_1
AH_FB,DayOfWeekByMonth,May - Wednesday,Day_5_2,-8.893808984406228e-05,15.85320595199296,193,AH_FB_Day_5_2
AH_FB,DayOfWeekByMonth,May - Thursday,Day_5_3,-3.055929515275468e-05,14.884044119059716,114,AH_FB_Day_5_3
AH_FB,DayOfWeekByMonth,May - Friday,Day_5_4,-8.701668927885159e-05,15.775890923373384,160,AH_FB_Day_5_4
AH_FB,DayOfWeekByMonth,May - Saturday,Day_5_5,-0.0001962673929841338,17.39859389754653,176,AH_FB_Day_5_5
AH_FB,DayOfWeekByMonth,May - Sunday,Day_5_6,-0.00015045196603476465,16.72061885649292,58,AH_FB_Day_5_6
AH_FB,DayOfWeekByMonth,June - Monday,Day_6_0,0.0001307564054366025,13.93599247708779,122,AH_FB_Day_6_0
AH_FB,DayOfWeekByMonth,June - Tuesday,Day_6_1,-0.00019282777840903736,16.278140411040184,139,AH_FB_Day_6_1
AH_FB,DayOfWeekByMonth,June - Wednesday,Day_6_2,3.7418428216368106e-05,14.98689793497744,144,AH_FB_Day_6_2
AH_FB,DayOfWeekByMonth,June - Thursday,Day_6_3,6.914311123545185e-05,14.587702988644658,134,AH_FB_Day_6_3
AH_FB,DayOfWeekByMonth,June - Friday,Day_6_4,-0.00030684552418881647,17.506974439669275,159,AH_FB_Day_6_4
AH_FB,DayOfWeekByMonth,June - Saturday,Day_6_5,-0.0002093928487812943,18.270171982558747,140,AH_FB_Day_6_5
AH_FB,DayOfWeekByMonth,June - Sunday,Day_6_6,-4.4667894118111416e-05,16.21936776817729,69,AH_FB_Day_6_6
AH_FB,DayOfWeekByMonth,July - Monday,Day_7_0,9.377755429007889e-05,14.744027915879384,109,AH_FB_Day_7_0
AH_FB,DayOfWeekByMonth,July - Tuesday,Day_7_1,-0.0002325245268639674,16.85503390408534,138,AH_FB_Day_7_1
AH_FB,DayOfWeekByMonth,July - Wednesday,Day_7_2,-5.567358899329867e-05,15.465677759395147,132,AH_FB_Day_7_2
AH_FB,DayOfWeekByMonth,July - Thursday,Day_7_3,-0.0001584680996731924,15.996757675155663,111,AH_FB_Day_7_3
AH_FB,DayOfWeekByMonth,July - Friday,Day_7_4,-0.00011775407826050905,16.787423018086947,173,AH_FB_Day_7_4
AH_FB,DayOfWeekByMonth,July - Saturday,Day_7_5,-0.0002071252883739089,18.358526690538742,153,AH_FB_Day_7_5
AH_FB,DayOfWeekByMonth,July - Sunday,Day_7_6,-0.00022961876669276985,16.14342916794886,74,AH_FB_Day_7_6
AH_FB,DayOfWeekByMonth,August - Monday,Day_8_0,-0.0002227259892106166,15.763895043129507,140,AH_FB_Day_8_0
AH_FB,DayOfWeekByMonth,August - Tuesday,Day_8_1,-0.000164941238983802,16.129955293986637,145,AH_FB_Day_8_1
AH_FB,DayOfWeekByMonth,August - Wednesday,Day_8_2,0.00011111573623879857,14.812472644152528,154,AH_FB_Day_8_2
AH_FB,DayOfWeekByMonth,August - Thursday,Day_8_3,-0.0001789921586736027,15.901521657020053,142,AH_FB_Day_8_3
AH_FB,DayOfWeekByMonth,August - Friday,Day_8_4,-0.00011819859716019805,16.139862128193123,172,AH_FB_Day_8_4
AH_FB,DayOfWeekByMonth,August - Saturday,Day_8_5,-0.00013886468488458236,17.12404687540863,153,AH_FB_Day_8_5
AH_FB,DayOfWeekByMonth,August - Sunday,Day_8_6,-6.74534552954436e-05,15.486793078145501,61,AH_FB_Day_8_6
AH_FB,DayOfWeekByMonth,September - Monday,Day_9_0,1.3685858198245128e-05,14.567755605000716,90,AH_FB_Day_9_0
AH_FB,DayOfWeekByMonth,September - Tuesday,Day_9_1,-7.99501952075555e-05,16.171017327612613,144,AH_FB_Day_9_1
AH_FB,DayOfWeekByMonth,September - Wednesday,Day_9_2,3.870561827929738e-05,14.313114344981981,116,AH_FB_Day_9_2
AH_FB,DayOfWeekByMonth,September - Thursday,Day_9_3,-0.00017108503977778124,15.796033266376345,110,AH_FB_Day_9_3
AH_FB,DayOfWeekByMonth,September - Friday,Day_9_4,-8.797677951854105e-05,16.057667784163577,191,AH_FB_Day_9_4
AH_FB,DayOfWeekByMonth,September - Saturday,Day_9_5,-0.00025333815879385126,18.445796736451648,146,AH_FB_Day_9_5
AH_FB,DayOfWeekByMonth,September - Sunday,Day_9_6,-0.00016272013965540545,16.498218393464402,40,AH_FB_Day_9_6
Novi_FB,Year,All Years,All_Years,-0.08234280210243024,15.534242005400253,9215,Novi_FB_All_Years
Novi_FB,YearTrend,Year 2022,Year_2022,-1.1450518524539716e-06,15.677288045679422,2498,Novi_FB_Year_2022
Novi_FB,YearTrend,Year 2023,Year_2023,-1.5255831749160737e-05,15.324161163016713,3463,Novi_FB_Year_2023
Novi_FB,YearTrend,Year 2024,Year_2024,-3.552460532656689e-05,15.639777692121855,3254,Novi_FB_Year_2024
Novi_FB,Month,January,Month_1,-4.598897482455448e-05,15.637970045086021,778,Novi_FB_Month_1
Novi_FB,Month,February,Month_2,-9.675862856553402e-05,15.906049126002813,760,Novi_FB_Month_2
Novi_FB,Month,March,Month_3,-3.760867472084349e-05,15.604791212769294,785,Novi_FB_Month_3
Novi_FB,Month,April,Month_4,-6.821517896170995e-06,15.425847881950386,582,Novi_FB_Month_4
Novi_FB,Month,May,Month_5,7.943626843335447e-05,15.730925701877277,585,Novi_FB_Month_5
Novi_FB,Month,June,Month_6,3.9744141182508587e-05,15.65430305614816,676,Novi_FB_Month_6
Novi_FB,Month,July,Month_7,2.701278302279874e-06,15.907817237407551,666,Novi_FB_Month_7
Novi_FB,Month,August,Month_8,-1.0521321172443144e-05,15.975721732437949,768,Novi_FB_Month_8
Novi_FB,Month,September,Month_9,1.7152338766657265e-05,15.683727170612999,651,Novi_FB_Month_9
Novi_FB,Month,October,Month_10,-9.811456463696056e-05,15.934307630408139,771,Novi_FB_Month_10
Novi_FB,Month,November,Month_11,-7.052437924549729e-05,15.335043182328354,972,Novi_FB_Month_11
Novi_FB,Month,December,Month_12,1.7382169202150184e-06,14.5286050364073,1221,Novi_FB_Month_12
Novi_FB,DayOfWeekByMonth,January - Monday,Day_1_0,9.6352729872058e-05,14.19148441836764,103,Novi_FB_Day_1_0
Novi_FB,DayOfWeekByMonth,January - Tuesday,Day_1_1,-0.0001089666443932726,14.747395643164209,108,Novi_FB_Day_1_1
Novi_FB,DayOfWeekByMonth,January - Wednesday,Day_1_2,0.00017827537029242908,13.749747514025877,90,Novi_FB_Day_1_2
Novi_FB,DayOfWeekByMonth,January - Thursday,Day_1_3,-0.0002025281578763449,16.756045008130688,79,Novi_FB_Day_1_3
Novi_FB,DayOfWeekByMonth,January - Friday,Day_1_4,-1.638881267828131e-05,15.956717771937443,152,Novi_FB_Day_1_4
Novi_FB,DayOfWeekByMonth,January - Saturday,Day_1_5,-0.00018072962667045028,17.60431091280439,173,Novi_FB_Day_1_5
Novi_FB,DayOfWeekByMonth,January - Sunday,Day_1_6,-0.0001975327913452198,15.855941371310157,73,Novi_FB_Day_1_6
Novi_FB,DayOfWeekByMonth,October - Monday,Day_10_0,-4.3448768579644015e-05,14.131284835771892,109,Novi_FB_Day_10_0
Novi_FB,DayOfWeekByMonth,October - Tuesday,Day_10_1,-0.00023422254368495702,15.567275081362869,126,Novi_FB_Day_10_1
Novi_FB,DayOfWeekByMonth,October - Wednesday,Day_10_2,-5.9981160361194e-05,15.415834276105093,96,Novi_FB_Day_10_2
Novi_FB,DayOfWeekByMonth,October - Thursday,Day_10_3,6.233199548002638e-05,15.057430365024118,120,Novi_FB_Day_10_3
Novi_FB,DayOfWeekByMonth,October - Friday,Day_10_4,-9.585883376082187e-05,16.414707587563925,129,Novi_FB_Day_10_4
Novi_FB,DayOfWeekByMonth,October - Saturday,Day_10_5,2.2251119626307633e-05,17.01498733983145,147,Novi_FB_Day_10_5
Novi_FB,DayOfWeekByMonth,October - Sunday,Day_10_6,-0.0006066313994003722,18.721062201954496,44,Novi_FB_Day_10_6
Novi_FB,DayOfWeekByMonth,November - Monday,Day_11_0,-0.0002841334327468135,14.730262599732777,108,Novi_FB_Day_11_0
Novi_FB,DayOfWeekByMonth,November - Tuesday,Day_11_1,-4.993849041081076e-05,14.048675065478616,123,Novi_FB_Day_11_1
Novi_FB,DayOfWeekByMonth,November - Wednesday,Day_11_2,-0.00011108809730816381,15.279440915389406,151,Novi_FB_Day_11_2
Novi_FB,DayOfWeekByMonth,November - Thursday,Day_11_3,2.9365129326337226e-07,14.140291632532032,127,Novi_FB_Day_11_3
Novi_FB,DayOfWeekByMonth,November - Friday,Day_11_4,0.0001004730497883151,15.331297977191179,206,Novi_FB_Day_11_4
Novi_FB,DayOfWeekByMonth,November - Saturday,Day_11_5,-1.4472036273557425e-05,16.647009323077743,202,Novi_FB_Day_11_5
Novi_FB,DayOfWeekByMonth,November - Sunday,Day_11_6,-0.00018643098116891715,15.51918011653833,55,Novi_FB_Day_11_6
Novi_FB,DayOfWeekByMonth,December - Monday,Day_12_0,-7.355868800859163e-05,14.173132893970354,161,Novi_FB_Day_12_0
Novi_FB,DayOfWeekByMonth,December - Tuesday,Day_12_1,1.6386243793852987e-05,14.125574756796219,187,Novi_FB_Day_12_1
Novi_FB,DayOfWeekByMonth,December - Wednesday,Day_12_2,0.00021158548691448153,13.193785335543591,151,Novi_FB_Day_12_2
Novi_FB,DayOfWeekByMonth,December - Thursday,Day_12_3,2.1963480021018966e-05,13.689448585414732,215,Novi_FB_Day_12_3
Novi_FB,DayOfWeekByMonth,December - Friday,Day_12_4,-3.2409022956687963e-05,15.298052105253102,228,Novi_FB_Day_12_4
Novi_FB,DayOfWeekByMonth,December - Saturday,Day_12_5,0.00012082952282738686,15.001680371906787,193,Novi_FB_Day_12_5
Novi_FB,DayOfWeekByMonth,December - Sunday,Day_12_6,-0.0004415852936841614,17.262306576381707,86,Novi_FB_Day_12_6
Novi_FB,DayOfWeekByMonth,February - Monday,Day_2_0,0.00031271200272527886,12.689882467639356,60,Novi_FB_Day_2_0
Novi_FB,DayOfWeekByMonth,February - Tuesday,Day_2_1,3.995637797521756e-05,14.633365512830423,84,Novi_FB_Day_2_1
Novi_FB,DayOfWeekByMonth,February - Wednesday,Day_2_2,-0.00012979682298358788,15.932182976255424,79,Novi_FB_Day_2_2
Novi_FB,DayOfWeekByMonth,February - Thursday,Day_2_3,-0.00011006552822540027,15.562712443100013,90,Novi_FB_Day_2_3
Novi_FB,DayOfWeekByMonth,February - Friday,Day_2_4,-0.00027822555837069457,17.204744822871994,152,Novi_FB_Day_2_4
Novi_FB,DayOfWeekByMonth,February - Saturday,Day_2_5,-7.307243120484075e-05,16.334733642708294,217,Novi_FB_Day_2_5
Novi_FB,DayOfWeekByMonth,February - Sunday,Day_2_6,-0.0002061774836099797,16.216899642255008,78,Novi_FB_Day_2_6
Novi_FB,DayOfWeekByMonth,March - Monday,Day_3_0,-0.00023193432373551243,15.513796902180582,64,Novi_FB_Day_3_0
Novi_FB,DayOfWeekByMonth,March - Tuesday,Day_3_1,-8.566368625558587e-05,14.655561039659908,89,Novi_FB_Day_3_1
Novi_FB,DayOfWeekByMonth,March - Wednesday,Day_3_2,-0.0003017768596699586,16.593331096910397,99,Novi_FB_Day_3_2
Novi_FB,DayOfWeekByMonth,March - Thursday,Day_3_3,6.588733291830805e-05,13.910154692065747,104,Novi_FB_Day_3_3
Novi_FB,DayOfWeekByMonth,March - Friday,Day_3_4,-9.208314435374583e-05,16.738475566265574,159,Novi_FB_Day_3_4
Novi_FB,DayOfWeekByMonth,March - Saturday,Day_3_5,5.822734408312966e-05,15.952457956802444,202,Novi_FB_Day_3_5
Novi_FB,DayOfWeekByMonth,March - Sunday,Day_3_6,3.958015144982706e-05,15.61497078695812,68,Novi_FB_Day_3_6
Novi_FB,DayOfWeekByMonth,April - Monday,Day_4_0,0.0001048151390052405,12.972788342454107,43,Novi_FB_Day_4_0
Novi_FB,DayOfWeekByMonth,April - Tuesday,Day_4_1,-4.36889553380583e-05,14.893613111539441,69,Novi_FB_Day_4_1
Novi_FB,DayOfWeekByMonth,April - Wednesday,Day_4_2,-0.0002167165064142589,16.652616395816832,57,Novi_FB_Day_4_2
Novi_FB,DayOfWeekByMonth,April - Thursday,Day_4_3,2.7654923374613573e-05,14.736712375239483,89,Novi_FB_Day_4_3
Novi_FB,DayOfWeekByMonth,April - Friday,Day_4_4,2.7319334651799965e-05,15.312127786305478,125,Novi_FB_Day_4_4
Novi_FB,DayOfWeekByMonth,April - Saturday,Day_4_5,-5.078334237301395e-05,16.868748244537205,145,Novi_FB_Day_4_5
Novi_FB,DayOfWeekByMonth,April - Sunday,Day_4_6,-2.7988806537270385e-06,15.030336532923265,54,Novi_FB_Day_4_6
Novi_FB,DayOfWeekByMonth,May - Monday,Day_5_0,2.0986626598394314e-05,14.240368698601872,48,Novi_FB_Day_5_0
Novi_FB,DayOfWeekByMonth,May - Tuesday,Day_5_1,0.00018038389801860294,14.978242867265156,86,Novi_FB_Day_5_1
Novi_FB,DayOfWeekByMonth,May - Wednesday,Day_5_2,-0.0001326333175984539,15.983632876630526,80,Novi_FB_Day_5_2
Novi_FB,DayOfWeekByMonth,May - Thursday,Day_5_3,9.099182957455922e-05,14.376075461640935,71,Novi_FB_Day_5_3
Novi_FB,DayOfWeekByMonth,May - Friday,Day_5_4,0.00020631611077771812,15.807849741012491,123,Novi_FB_Day_5_4
Novi_FB,DayOfWeekByMonth,May - Saturday,Day_5_5,0.00018141611847616787,16.781894773709332,130,Novi_FB_Day_5_5
Novi_FB,DayOfWeekByMonth,May - Sunday,Day_5_6,-7.243906484817933e-05,16.381947617110367,47,Novi_FB_Day_5_6
Novi_FB,DayOfWeekByMonth,June - Monday,Day_6_0,-0.0002555544700092023,16.497991626615473,73,Novi_FB_Day_6_0
Novi_FB,DayOfWeekByMonth,June - Tuesday,Day_6_1,4.8441149119842775e-05,14.729746331454988,59,Novi_FB_Day_6_1
Novi_FB,DayOfWeekByMonth,June - Wednesday,Day_6_2,2.25118022843683e-05,14.743571156333843,82,Novi_FB_Day_6_2
Novi_FB,DayOfWeekByMonth,June - Thursday,Day_6_3,2.2076592979113586e-05,15.119894006178162,96,Novi_FB_Day_6_3
Novi_FB,DayOfWeekByMonth,June - Friday,Day_6_4,0.00022098348631924365,14.723335017376685,122,Novi_FB_Day_6_4
Novi_FB,DayOfWeekByMonth,June - Saturday,Day_6_5,7.034287487380864e-05,17.185264839597025,152,Novi_FB_Day_6_5
Novi_FB,DayOfWeekByMonth,June - Sunday,Day_6_6,-2.1440288790700275e-05,15.722952620406234,92,Novi_FB_Day_6_6
Novi_FB,DayOfWeekByMonth,July - Monday,Day_7_0,-0.00012115867687006693,14.917982350665325,52,Novi_FB_Day_7_0
Novi_FB,DayOfWeekByMonth,July - Tuesday,Day_7_1,-8.168183562936283e-05,15.582755814557457,76,Novi_FB_Day_7_1
Novi_FB,DayOfWeekByMonth,July - Wednesday,Day_7_2,-0.00012411894214569584,15.911113543481937,99,Novi_FB_Day_7_2
Novi_FB,DayOfWeekByMonth,July - Thursday,Day_7_3,-0.00021522363367143917,16.40781906108145,88,Novi_FB_Day_7_3
Novi_FB,DayOfWeekByMonth,July - Friday,Day_7_4,0.00021681382790571932,15.075487961187063,121,Novi_FB_Day_7_4
Novi_FB,DayOfWeekByMonth,July - Saturday,Day_7_5,-6.836516046960288e-05,18.018643673090658,156,Novi_FB_Day_7_5
Novi_FB,DayOfWeekByMonth,July - Sunday,Day_7_6,0.0004553043186570627,12.984076545006534,74,Novi_FB_Day_7_6
Novi_FB,DayOfWeekByMonth,August - Monday,Day_8_0,-3.6066558391696796e-05,15.356823049362914,81,Novi_FB_Day_8_0
Novi_FB,DayOfWeekByMonth,August - Tuesday,Day_8_1,-0.00013372401632609013,15.990973999690308,105,Novi_FB_Day_8_1
Novi_FB,DayOfWeekByMonth,August - Wednesday,Day_8_2,6.592803133853733e-05,14.87816887636934,99,Novi_FB_Day_8_2
Novi_FB,DayOfWeekByMonth,August - Thursday,Day_8_3,-4.3398662227325555e-05,14.265469583775133,99,Novi_FB_Day_8_3
Novi_FB,DayOfWeekByMonth,August - Friday,Day_8_4,6.650186745851938e-05,16.467047564181463,144,Novi_FB_Day_8_4
Novi_FB,DayOfWeekByMonth,August - Saturday,Day_8_5,3.569270809787887e-05,17.559708730414833,170,Novi_FB_Day_8_5
Novi_FB,DayOfWeekByMonth,August - Sunday,Day_8_6,0.00010406189750032946,14.773695564575442,70,Novi_FB_Day_8_6
Novi_FB,DayOfWeekByMonth,September - Monday,Day_9_0,0.0001960799407421463,13.817758307471573,43,Novi_FB_Day_9_0
Novi_FB,DayOfWeekByMonth,September - Tuesday,Day_9_1,7.0410831752853e-05,15.820914918936058,101,Novi_FB_Day_9_1
Novi_FB,DayOfWeekByMonth,September - Wednesday,Day_9_2,-0.00012001331579801226,15.733136544409973,77,Novi_FB_Day_9_2
Novi_FB,DayOfWeekByMonth,September - Thursday,Day_9_3,0.00012014001138237825,13.796244885110518,97,Novi_FB_Day_9_3
Novi_FB,DayOfWeekByMonth,September - Friday,Day_9_4,-6.597563872405568e-05,16.083404886962395,176,Novi_FB_Day_9_4
Novi_FB,DayOfWeekByMonth,September - Saturday,Day_9_5,5.360079871356969e-05,17.19430465885674,125,Novi_FB_Day_9_5
Novi_FB,DayOfWeekByMonth,September - Sunday,Day_9_6,4.790709673175126e-05,14.665557260535817,32,Novi_FB_Day_9_6
Novi_Ice_Curling,Year,All Years,All_Years,-0.0634876523426635,14.457457836089118,3964,Novi_Ice_Curling_All_Years
Novi_Ice_Curling,YearTrend,Year 2022,Year_2022,5.382438933336515e-05,14.49390127906039,1089,Novi_Ice_Curling_Year_2022
Novi_Ice_Curling,YearTrend,Year 2023,Year_2023,-0.0001608651485845811,14.525892492172712,1649,Novi_Ice_Curling_Year_2023
Novi_Ice_Curling,YearTrend,Year 2024,Year_2024,5.7140225735669555e-05,14.34087167123228,1226,Novi_Ice_Curling_Year_2024
Novi_Ice_Curling,Month,January,Month_1,-7.035991905346088e-05,14.80696770747671,371,Novi_Ice_Curling_Month_1
Novi_Ice_Curling,Month,February,Month_2,-0.00011542624293813456,14.959760106180456,376,Novi_Ice_Curling_Month_2
Novi_Ice_Curling,Month,March,Month_3,7.457910613881295e-05,14.308240178768138,322,Novi_Ice_Curling_Month_3
Novi_Ice_Curling,Month,April,Month_4,-0.00016271684190929318,14.815078264759684,262,Novi_Ice_Curling_Month_4
Novi_Ice_Curling,Month,May,Month_5,0.00010705457756877355,14.166911362369618,213,Novi_Ice_Curling_Month_5
Novi_Ice_Curling,Month,June,Month_6,-0.00016767493577535427,15.309203767025881,232,Novi_Ice_Curling_Month_6
Novi_Ice_Curling,Month,July,Month_7,1.6544349896953546e-05,14.379985018877894,198,Novi_Ice_Curling_Month_7
Novi_Ice_Curling,Month,August,Month_8,-4.502352677396462e-05,14.709305203822462,261,Novi_Ice_Curling_Month_8
Novi_Ice_Curling,Month,September,Month_9,0.00010298892269286956,14.02382639672537,278,Novi_Ice_Curling_Month_9
Novi_Ice_Curling,Month,October,Month_10,-0.00029259260836224664,14.754004900834682,346,Novi_Ice_Curling_Month_10
Novi_Ice_Curling,Month,November,Month_11,5.750170809972981e-05,14.212411435103679,517,Novi_Ice_Curling_Month_11
Novi_Ice_Curling,Month,December,Month_12,3.5709948674041565e-05,13.76689109929327,588,Novi_Ice_Curling_Month_12
Novi_Ice_Curling,DayOfWeekByMonth,January - Monday,Day_1_0,-0.0005803926086500039,14.756551589944332,53,Novi_Ice_Curling_Day_1_0
Novi_Ice_Curling,DayOfWeekByMonth,January - Tuesday,Day_1_1,-0.00016548697428966808,14.533975849960278,58,Novi_Ice_Curling_Day_1_1
Novi_Ice_Curling,DayOfWeekByMonth,January - Wednesday,Day_1_2,-0.00034727527606101966,15.808796104484527,52,Novi_Ice_Curling_Day_1_2
Novi_Ice_Curling,DayOfWeekByMonth,January - Thursday,Day_1_3,-0.0005046146883451161,15.174496657831284,44,Novi_Ice_Curling_Day_1_3
Novi_Ice_Curling,DayOfWeekByMonth,January - Friday,Day_1_4,0.00015505614995858663,14.143312068061714,83,Novi_Ice_Curling_Day_1_4
Novi_Ice_Curling,DayOfWeekByMonth,January - Saturday,Day_1_5,0.0003863427084028529,15.298458720717427,66,Novi_Ice_Curling_Day_1_5
Novi_Ice_Curling,DayOfWeekByMonth,January - Sunday,Day_1_6,0.00036673814996819034,13.944437003329309,15,Novi_Ice_Curling_Day_1_6
Novi_Ice_Curling,DayOfWeekByMonth,October - Monday,Day_10_0,-0.0006184070259522638,15.118020751371198,75,Novi_Ice_Curling_Day_10_0
Novi_Ice_Curling,DayOfWeekByMonth,October - Tuesday,Day_10_1,0.00022371844043376045,14.159564022258689,51,Novi_Ice_Curling_Day_10_1
Novi_Ice_Curling,DayOfWeekByMonth,October - Wednesday,Day_10_2,-0.0012971694631926307,15.571176976257137,46,Novi_Ice_Curling_Day_10_2
Novi_Ice_Curling,DayOfWeekByMonth,October - Thursday,Day_10_3,-2.4379233895928394e-05,14.549968400140767,54,Novi_Ice_Curling_Day_10_3
Novi_Ice_Curling,DayOfWeekByMonth,October - Friday,Day_10_4,-0.0004820333169335616,14.031086475174638,56,Novi_Ice_Curling_Day_10_4
Novi_Ice_Curling,DayOfWeekByMonth,October - Saturday,Day_10_5,0.00033125419197602504,15.425904937287266,42,Novi_Ice_Curling_Day_10_5
Novi_Ice_Curling,DayOfWeekByMonth,October - Sunday,Day_10_6,0.0007605012071145925,13.531775225825221,22,Novi_Ice_Curling_Day_10_6
Novi_Ice_Curling,DayOfWeekByMonth,November - Monday,Day_11_0,0.00020660366310427635,13.19264725604615,66,Novi_Ice_Curling_Day_11_0
Novi_Ice_Curling,DayOfWeekByMonth,November - Tuesday,Day_11_1,0.00044141580903842405,12.542994063380236,83,Novi_Ice_Curling_Day_11_1
Novi_Ice_Curling,DayOfWeekByMonth,November - Wednesday,Day_11_2,-4.731810091326777e-05,14.57420769928347,83,Novi_Ice_Curling_Day_11_2
Novi_Ice_Curling,DayOfWeekByMonth,November - Thursday,Day_11_3,-8.870418519485293e-05,14.728945294744348,64,Novi_Ice_Curling_Day_11_3
Novi_Ice_Curling,DayOfWeekByMonth,November - Friday,Day_11_4,-0.00015850159693216244,14.58285230553977,100,Novi_Ice_Curling_Day_11_4
Novi_Ice_Curling,DayOfWeekByMonth,November - Saturday,Day_11_5,-0.0001707394999487562,16.023065299669224,84,Novi_Ice_Curling_Day_11_5
Novi_Ice_Curling,DayOfWeekByMonth,November - Sunday,Day_11_6,-0.00018403412792777503,14.434962667098535,37,Novi_Ice_Curling_Day_11_6
Novi_Ice_Curling,DayOfWeekByMonth,December - Monday,Day_12_0,0.0005949656135462386,12.430958322055766,71,Novi_Ice_Curling_Day_12_0
Novi_Ice_Curling,DayOfWeekByMonth,December - Tuesday,Day_12_1,0.000174906927772425,13.387861921238098,122,Novi_Ice_Curling_Day_12_1
Novi_Ice_Curling,DayOfWeekByMonth,December - Wednesday,Day_12_2,-0.00010456365256363344,14.202723284632269,82,Novi_Ice_Curling_Day_12_2
Novi_Ice_Curling,DayOfWeekByMonth,December - Thursday,Day_12_3,-0.0004167311889298262,14.734487558557037,97,Novi_Ice_Curling_Day_12_3
Novi_Ice_Curling,DayOfWeekByMonth,December - Friday,Day_12_4,5.3306115691925245e-05,13.609515748008672,126,Novi_Ice_Curling_Day_12_4
Novi_Ice_Curling,DayOfWeekByMonth,December - Saturday,Day_12_5,-0.00046378313532022936,14.94001986606591,64,Novi_Ice_Curling_Day_12_5
Novi_Ice_Curling,DayOfWeekByMonth,December - Sunday,Day_12_6,0.0009474286011660586,12.583884082590828,26,Novi_Ice_Curling_Day_12_6
Novi_Ice_Curling,DayOfWeekByMonth,February - Monday,Day_2_0,-0.0005808458803561501,14.994021416380212,46,Novi_Ice_Curling_Day_2_0
Novi_Ice_Curling,DayOfWeekByMonth,February - Tuesday,Day_2_1,0.0005564021098020738,13.506605921928506,45,Novi_Ice_Curling_Day_2_1
Novi_Ice_Curling,DayOfWeekByMonth,February - Wednesday,Day_2_2,-0.0006203612835648411,16.40454136049213,52,Novi_Ice_Curling_Day_2_2
Novi_Ice_Curling,DayOfWeekByMonth,February - Thursday,Day_2_3,0.0007322111243726131,12.728182468714415,62,Novi_Ice_Curling_Day_2_3
Novi_Ice_Curling,DayOfWeekByMonth,February - Friday,Day_2_4,-0.000612507943303283,16.054704918267095,65,Novi_Ice_Curling_Day_2_4
Novi_Ice_Curling,DayOfWeekByMonth,February - Saturday,Day_2_5,-6.556347137930862e-05,14.967697779197033,69,Novi_Ice_Curling_Day_2_5
Novi_Ice_Curling,DayOfWeekByMonth,February - Sunday,Day_2_6,-0.00040710849199697945,16.42707691964772,37,Novi_Ice_Curling_Day_2_6
Novi_Ice_Curling,DayOfWeekByMonth,March - Monday,Day_3_0,-9.26322161966518e-05,14.044971878607434,35,Novi_Ice_Curling_Day_3_0
Novi_Ice_Curling,DayOfWeekByMonth,March - Tuesday,Day_3_1,0.0004031914313650159,13.809192796035031,49,Novi_Ice_Curling_Day_3_1
Novi_Ice_Curling,DayOfWeekByMonth,March - Wednesday,Day_3_2,0.0004125826482320558,12.913942325351108,37,Novi_Ice_Curling_Day_3_2
Novi_Ice_Curling,DayOfWeekByMonth,March - Thursday,Day_3_3,-0.0002628652310180974,14.064664846830452,29,Novi_Ice_Curling_Day_3_3
Novi_Ice_Curling,DayOfWeekByMonth,March - Friday,Day_3_4,-0.0005892157853535077,15.505274325911248,80,Novi_Ice_Curling_Day_3_4
Novi_Ice_Curling,DayOfWeekByMonth,March - Saturday,Day_3_5,0.00036910941516014124,14.631317608076932,64,Novi_Ice_Curling_Day_3_5
Novi_Ice_Curling,DayOfWeekByMonth,March - Sunday,Day_3_6,0.0002059116713978886,14.352284925398259,28,Novi_Ice_Curling_Day_3_6
Novi_Ice_Curling,DayOfWeekByMonth,April - Monday,Day_4_0,-3.511398186006217e-05,14.148753739720364,42,Novi_Ice_Curling_Day_4_0
Novi_Ice_Curling,DayOfWeekByMonth,April - Tuesday,Day_4_1,-0.0008803849252239887,15.311746530367165,37,Novi_Ice_Curling_Day_4_1
Novi_Ice_Curling,DayOfWeekByMonth,April - Wednesday,Day_4_2,-0.0004938116895645197,15.04614237877027,39,Novi_Ice_Curling_Day_4_2
Novi_Ice_Curling,DayOfWeekByMonth,April - Thursday,Day_4_3,-0.000990031640112027,18.176155674661672,32,Novi_Ice_Curling_Day_4_3
Novi_Ice_Curling,DayOfWeekByMonth,April - Friday,Day_4_4,0.00024487802671026065,14.245154989610787,43,Novi_Ice_Curling_Day_4_4
Novi_Ice_Curling,DayOfWeekByMonth,April - Saturday,Day_4_5,0.00026676770742810286,13.947568857344763,55,Novi_Ice_Curling_Day_4_5
Novi_Ice_Curling,DayOfWeekByMonth,April - Sunday,Day_4_6,0.0012842650516386891,12.283131117454356,14,Novi_Ice_Curling_Day_4_6
Novi_Ice_Curling,DayOfWeekByMonth,May - Monday,Day_5_0,-0.0004952306598606763,14.01257030042739,26,Novi_Ice_Curling_Day_5_0
Novi_Ice_Curling,DayOfWeekByMonth,May - Tuesday,Day_5_1,0.0009656452124288527,13.724172809234286,46,Novi_Ice_Curling_Day_5_1
Novi_Ice_Curling,DayOfWeekByMonth,May - Wednesday,Day_5_2,0.00012686385204815982,13.620024968843705,38,Novi_Ice_Curling_Day_5_2
Novi_Ice_Curling,DayOfWeekByMonth,May - Thursday,Day_5_3,-0.00020110121526164027,15.128485268736602,35,Novi_Ice_Curling_Day_5_3
Novi_Ice_Curling,DayOfWeekByMonth,May - Friday,Day_5_4,0.00019433272859275836,13.957822707006404,39,Novi_Ice_Curling_Day_5_4
Novi_Ice_Curling,DayOfWeekByMonth,May - Saturday,Day_5_5,-0.0006533803441525583,15.929804212503893,22,Novi_Ice_Curling_Day_5_5
Novi_Ice_Curling,DayOfWeekByMonth,May - Sunday,Day_5_6,0.00032633038213252495,11.885388870933966,7,Novi_Ice_Curling_Day_5_6
Novi_Ice_Curling,DayOfWeekByMonth,June - Monday,Day_6_0,-1.6922546077461233e-05,15.44710186578698,36,Novi_Ice_Curling_Day_6_0
Novi_Ice_Curling,DayOfWeekByMonth,June - Tuesday,Day_6_1,-0.00024250158134226757,14.984988353845358,25,Novi_Ice_Curling_Day_6_1
Novi_Ice_Curling,DayOfWeekByMonth,June - Wednesday,Day_6_2,0.00015088361798251435,13.701439780542678,51,Novi_Ice_Curling_Day_6_2
Novi_Ice_Curling,DayOfWeekByMonth,June - Thursday,Day_6_3,-0.0008735600490294827,16.804724978671274,33,Novi_Ice_Curling_Day_6_3
Novi_Ice_Curling,DayOfWeekByMonth,June - Friday,Day_6_4,0.0009361044820659629,14.188169362894682,31,Novi_Ice_Curling_Day_6_4
Novi_Ice_Curling,DayOfWeekByMonth,June - Saturday,Day_6_5,-0.00044139644816209304,17.451317217587125,33,Novi_Ice_Curling_Day_6_5
Novi_Ice_Curling,DayOfWeekByMonth,June - Sunday,Day_6_6,0.0005615809433193469,12.428464620987869,23,Novi_Ice_Curling_Day_6_6
Novi_Ice_Curling,DayOfWeekByMonth,July - Monday,Day_7_0,-0.0002189638779593186,14.883816307577941,24,Novi_Ice_Curling_Day_7_0
Novi_Ice_Curling,DayOfWeekByMonth,July - Tuesday,Day_7_1,-0.00019055788612516356,13.792830588676898,36,Novi_Ice_Curling_Day_7_1
Novi_Ice_Curling,DayOfWeekByMonth,July - Wednesday,Day_7_2,-0.00041906974765483057,15.862232893859327,32,Novi_Ice_Curling_Day_7_2
Novi_Ice_Curling,DayOfWeekByMonth,July - Thursday,Day_7_3,0.00016281984199582558,13.856406269106063,31,Novi_Ice_Curling_Day_7_3
Novi_Ice_Curling,DayOfWeekByMonth,July - Friday,Day_7_4,0.0007052903712397196,12.804451436235977,36,Novi_Ice_Curling_Day_7_4
Novi_Ice_Curling,DayOfWeekByMonth,July - Saturday,Day_7_5,-0.00015982253216274882,15.812633413169278,27,Novi_Ice_Curling_Day_7_5
Novi_Ice_Curling,DayOfWeekByMonth,July - Sunday,Day_7_6,0.0001246969173244676,14.264535272783556,12,Novi_Ice_Curling_Day_7_6
Novi_Ice_Curling,DayOfWeekByMonth,August - Monday,Day_8_0,0.00044160113199002196,13.290567369787215,28,Novi_Ice_Curling_Day_8_0
Novi_Ice_Curling,DayOfWeekByMonth,August - Tuesday,Day_8_1,-0.0002015040721992686,14.745083218601478,48,Novi_Ice_Curling_Day_8_1
Novi_Ice_Curling,DayOfWeekByMonth,August - Wednesday,Day_8_2,0.000651424527059681,13.118761267060142,37,Novi_Ice_Curling_Day_8_2
Novi_Ice_Curling,DayOfWeekByMonth,August - Thursday,Day_8_3,-0.001576757803926689,17.556239147077157,39,Novi_Ice_Curling_Day_8_3
Novi_Ice_Curling,DayOfWeekByMonth,August - Friday,Day_8_4,-0.00011002431816589607,14.956252585901316,44,Novi_Ice_Curling_Day_8_4
Novi_Ice_Curling,DayOfWeekByMonth,August - Saturday,Day_8_5,0.00013232818842727617,15.879927701567176,45,Novi_Ice_Curling_Day_8_5
Novi_Ice_Curling,DayOfWeekByMonth,August - Sunday,Day_8_6,0.0005458012056771758,13.506182484202686,20,Novi_Ice_Curling_Day_8_6
Novi_Ice_Curling,DayOfWeekByMonth,September - Monday,Day_9_0,0.0013001920982549187,11.598933540057862,26,Novi_Ice_Curling_Day_9_0
Novi_Ice_Curling,DayOfWeekByMonth,September - Tuesday,Day_9_1,0.000361752330855353,14.363245137526654,48,Novi_Ice_Curling_Day_9_1
Novi_Ice_Curling,DayOfWeekByMonth,September - Wednesday,Day_9_2,2.0257973569573546e-06,13.656718726002262,56,Novi_Ice_Curling_Day_9_2
Novi_Ice_Curling,DayOfWeekByMonth,September - Thursday,Day_9_3,-0.0008079627212118589,14.52068074780669,48,Novi_Ice_Curling_Day_9_3
Novi_Ice_Curling,DayOfWeekByMonth,September - Friday,Day_9_4,-0.00020656329719977162,14.525031956809201,56,Novi_Ice_Curling_Day_9_4
Novi_Ice_Curling,DayOfWeekByMonth,September - Saturday,Day_9_5,0.00011804903828223393,16.223087372377172,29,Novi_Ice_Curling_Day_9_5
Novi_Ice_Curling,DayOfWeekByMonth,September - Sunday,Day_9_6,-0.00020926457174981982,14.713605013931307,15,Novi_Ice_Curling_Day_9_6
AH_Golf,Year,All Years,All_Years,0.12492465436895717,14.902218009927761,4060,AH_Golf_All_Years
AH_Golf,YearTrend,Year 2022,Year_2022,-0.0005546862074311623,16.200077270207327,1703,AH_Golf_Year_2022
AH_Golf,YearTrend,Year 2023,Year_2023,-0.0002574101532514137,15.330859195146925,1328,AH_Golf_Year_2023
AH_Golf,YearTrend,Year 2024,Year_2024,-3.0310662191923375e-05,15.335154633154598,1029,AH_Golf_Year_2024
AH_Golf,Month,January,Month_1,-0.00019775220166327783,15.47025688020451,385,AH_Golf_Month_1
AH_Golf,Month,February,Month_2,-0.0004923145985228982,15.85514229537517,437,AH_Golf_Month_2
AH_Golf,Month,March,Month_3,-0.00033272991913820845,15.918007256635917,530,AH_Golf_Month_3
AH_Golf,Month,April,Month_4,-0.00046826705691995727,15.993670355805369,448,AH_Golf_Month_4
AH_Golf,Month,May,Month_5,-0.0005190320623932789,16.386162213435604,279,AH_Golf_Month_5
AH_Golf,Month,June,Month_6,-0.00036764110491426834,16.163970264863075,273,AH_Golf_Month_6
AH_Golf,Month,July,Month_7,-0.00046144002265670775,16.216938942479345,275,AH_Golf_Month_7
AH_Golf,Month,August,Month_8,-0.0005819171148200939,16.402081759892322,295,AH_Golf_Month_8
AH_Golf,Month,September,Month_9,0.00032186361497694386,14.015939792067126,196,AH_Golf_Month_9
AH_Golf,Month,October,Month_10,0.00043463736637128995,13.99361493816253,277,AH_Golf_Month_10
AH_Golf,Month,November,Month_11,-0.00013603361727478004,15.101351246703219,297,AH_Golf_Month_11
AH_Golf,Month,December,Month_12,0.0002543105608021886,14.088292487411072,368,AH_Golf_Month_12
AH_Golf,DayOfWeekByMonth,January - Monday,Day_1_0,-0.0003399913647472121,14.115286616034467,60,AH_Golf_Day_1_0
AH_Golf,DayOfWeekByMonth,January - Tuesday,Day_1_1,0.00040553603279177013,14.050239160049436,57,AH_Golf_Day_1_1
AH_Golf,DayOfWeekByMonth,January - Wednesday,Day_1_2,-0.0007691234660948802,16.857759382910185,42,AH_Golf_Day_1_2
AH_Golf,DayOfWeekByMonth,January - Thursday,Day_1_3,-4.0955387107699306e-05,14.874405405533892,47,AH_Golf_Day_1_3
AH_Golf,DayOfWeekByMonth,January - Friday,Day_1_4,-8.352656862210658e-06,16.042728153926863,77,AH_Golf_Day_1_4
AH_Golf,DayOfWeekByMonth,January - Saturday,Day_1_5,-0.0003074347241013924,16.04024992557413,73,AH_Golf_Day_1_5
AH_Golf,DayOfWeekByMonth,January - Sunday,Day_1_6,-0.0010179771342663075,17.55031722973917,29,AH_Golf_Day_1_6
AH_Golf,DayOfWeekByMonth,October - Monday,Day_10_0,0.0004036878768717005,13.58106481142122,39,AH_Golf_Day_10_0
AH_Golf,DayOfWeekByMonth,October - Tuesday,Day_10_1,6.138607382419639e-05,14.223724537257084,50,AH_Golf_Day_10_1
AH_Golf,DayOfWeekByMonth,October - Wednesday,Day_10_2,0.0002452603757511814,13.750258157710755,36,AH_Golf_Day_10_2
AH_Golf,DayOfWeekByMonth,October - Thursday,Day_10_3,0.0019462694943839134,11.758083658494964,33,AH_Golf_Day_10_3
AH_Golf,DayOfWeekByMonth,October - Friday,Day_10_4,-0.00018230056952810056,13.843257047185398,59,AH_Golf_Day_10_4
AH_Golf,DayOfWeekByMonth,October - Saturday,Day_10_5,-0.0008017000883449833,17.921525729259763,50,AH_Golf_Day_10_5
AH_Golf,DayOfWeekByMonth,October - Sunday,Day_10_6,0.0019725288766479984,13.3369778058344,10,AH_Golf_Day_10_6
AH_Golf,DayOfWeekByMonth,November - Monday,Day_11_0,0.00026745337644088846,14.052004641290678,37,AH_Golf_Day_11_0
AH_Golf,DayOfWeekByMonth,November - Tuesday,Day_11_1,-0.0002951398420798258,14.67095774697871,41,AH_Golf_Day_11_1
AH_Golf,DayOfWeekByMonth,November - Wednesday,Day_11_2,0.0005988618267971568,13.901038607702908,32,AH_Golf_Day_11_2
AH_Golf,DayOfWeekByMonth,November - Thursday,Day_11_3,0.0004964937009320736,13.721825224318323,40,AH_Golf_Day_11_3
AH_Golf,DayOfWeekByMonth,November - Friday,Day_11_4,0.00026524066741476975,14.76373980976849,73,AH_Golf_Day_11_4
AH_Golf,DayOfWeekByMonth,November - Saturday,Day_11_5,-0.0014249258827804675,18.2742651864385,61,AH_Golf_Day_11_5
AH_Golf,DayOfWeekByMonth,November - Sunday,Day_11_6,-0.0015440248516083754,16.984796957071374,13,AH_Golf_Day_11_6
AH_Golf,DayOfWeekByMonth,December - Monday,Day_12_0,0.0012371245333644943,11.995179849295653,49,AH_Golf_Day_12_0
AH_Golf,DayOfWeekByMonth,December - Tuesday,Day_12_1,-0.00021480095111610297,15.360076617458454,52,AH_Golf_Day_12_1
AH_Golf,DayOfWeekByMonth,December - Wednesday,Day_12_2,0.0008732359584149516,12.62560863448063,62,AH_Golf_Day_12_2
AH_Golf,DayOfWeekByMonth,December - Thursday,Day_12_3,0.00015079620151049085,13.725986276477848,62,AH_Golf_Day_12_3
AH_Golf,DayOfWeekByMonth,December - Friday,Day_12_4,-8.754895420216658e-05,14.775217577928057,78,AH_Golf_Day_12_4
AH_Golf,DayOfWeekByMonth,December - Saturday,Day_12_5,-0.0005441747796864292,15.845057243813258,49,AH_Golf_Day_12_5
AH_Golf,DayOfWeekByMonth,December - Sunday,Day_12_6,0.0008845760625654589,14.042634121342092,16,AH_Golf_Day_12_6
AH_Golf,DayOfWeekByMonth,February - Monday,Day_2_0,-0.0007450360881961684,15.69983051900587,49,AH_Golf_Day_2_0
AH_Golf,DayOfWeekByMonth,February - Tuesday,Day_2_1,-0.0007671388557723447,16.34947667493341,51,AH_Golf_Day_2_1
AH_Golf,DayOfWeekByMonth,February - Wednesday,Day_2_2,-0.00034555515715881,14.468724317726567,52,AH_Golf_Day_2_2
AH_Golf,DayOfWeekByMonth,February - Thursday,Day_2_3,0.0008605191111620536,13.503713030380926,58,AH_Golf_Day_2_3
AH_Golf,DayOfWeekByMonth,February - Friday,Day_2_4,-0.0001285338956258076,15.641317025957337,78,AH_Golf_Day_2_4
AH_Golf,DayOfWeekByMonth,February - Saturday,Day_2_5,-0.0011802402599403493,17.811758461713577,89,AH_Golf_Day_2_5
AH_Golf,DayOfWeekByMonth,February - Sunday,Day_2_6,-0.00075576410938632,15.913076218103383,60,AH_Golf_Day_2_6
AH_Golf,DayOfWeekByMonth,March - Monday,Day_3_0,-0.00042055252692264883,15.93347517241799,65,AH_Golf_Day_3_0
AH_Golf,DayOfWeekByMonth,March - Tuesday,Day_3_1,-0.00014040699498120272,15.14077275493442,65,AH_Golf_Day_3_1
AH_Golf,DayOfWeekByMonth,March - Wednesday,Day_3_2,-0.00016682871808474767,15.780617304438906,79,AH_Golf_Day_3_2
AH_Golf,DayOfWeekByMonth,March - Thursday,Day_3_3,-0.0008902284636905028,17.063767453969394,72,AH_Golf_Day_3_3
AH_Golf,DayOfWeekByMonth,March - Friday,Day_3_4,-0.0002892329953381908,16.12462295847711,104,AH_Golf_Day_3_4
AH_Golf,DayOfWeekByMonth,March - Saturday,Day_3_5,-0.00017014001359272668,15.674613987475778,93,AH_Golf_Day_3_5
AH_Golf,DayOfWeekByMonth,March - Sunday,Day_3_6,-0.00024305021207605642,15.569898417029396,52,AH_Golf_Day_3_6
AH_Golf,DayOfWeekByMonth,April - Monday,Day_4_0,0.00036520825163376374,13.716230153661332,52,AH_Golf_Day_4_0
AH_Golf,DayOfWeekByMonth,April - Tuesday,Day_4_1,-0.0005371002833981849,17.23044391972917,61,AH_Golf_Day_4_1
AH_Golf,DayOfWeekByMonth,April - Wednesday,Day_4_2,-0.00017292021562450373,15.732475476636697,67,AH_Golf_Day_4_2
AH_Golf,DayOfWeekByMonth,April - Thursday,Day_4_3,-0.00023534409354927172,15.364928312294287,51,AH_Golf_Day_4_3
AH_Golf,DayOfWeekByMonth,April - Friday,Day_4_4,-0.0008305260845587501,16.286640950973013,85,AH_Golf_Day_4_4
AH_Golf,DayOfWeekByMonth,April - Saturday,Day_4_5,-0.0008675059762030973,16.81739917870002,98,AH_Golf_Day_4_5
AH_Golf,DayOfWeekByMonth,April - Sunday,Day_4_6,-0.00038166277063212545,15.112053360034295,34,AH_Golf_Day_4_6
AH_Golf,DayOfWeekByMonth,May - Monday,Day_5_0,-0.0006090738876914808,15.169022232670699,33,AH_Golf_Day_5_0
AH_Golf,DayOfWeekByMonth,May - Tuesday,Day_5_1,-0.0003066606191190764,15.300471651323381,40,AH_Golf_Day_5_1
AH_Golf,DayOfWeekByMonth,May - Wednesday,Day_5_2,-0.00037086260880369833,16.192212850597983,49,AH_Golf_Day_5_2
AH_Golf,DayOfWeekByMonth,May - Thursday,Day_5_3,-0.00019556016667210548,15.152906467001737,33,AH_Golf_Day_5_3
AH_Golf,DayOfWeekByMonth,May - Friday,Day_5_4,-0.00041925399320488673,16.131813911852927,48,AH_Golf_Day_5_4
AH_Golf,DayOfWeekByMonth,May - Saturday,Day_5_5,-0.0007713108145898938,18.33156361265384,59,AH_Golf_Day_5_5
AH_Golf,DayOfWeekByMonth,May - Sunday,Day_5_6,-0.0005957800225980859,16.468472136064765,17,AH_Golf_Day_5_6
AH_Golf,DayOfWeekByMonth,June - Monday,Day_6_0,6.572341646141987e-05,14.498948663694668,30,AH_Golf_Day_6_0
AH_Golf,DayOfWeekByMonth,June - Tuesday,Day_6_1,-0.0009937565755526812,17.88842747942122,33,AH_Golf_Day_6_1
AH_Golf,DayOfWeekByMonth,June - Wednesday,Day_6_2,0.00023299566363595665,14.852434575063409,47,AH_Golf_Day_6_2
AH_Golf,DayOfWeekByMonth,June - Thursday,Day_6_3,-0.0006884052885938606,16.40464468682218,49,AH_Golf_Day_6_3
AH_Golf,DayOfWeekByMonth,June - Friday,Day_6_4,-0.0002475438449376346,16.370981120210917,43,AH_Golf_Day_6_4
AH_Golf,DayOfWeekByMonth,June - Saturday,Day_6_5,-0.0007392667533067628,17.979761065429972,46,AH_Golf_Day_6_5
AH_Golf,DayOfWeekByMonth,June - Sunday,Day_6_6,4.619337786544446e-05,14.49821381574105,25,AH_Golf_Day_6_6
AH_Golf,DayOfWeekByMonth,July - Monday,Day_7_0,0.0006370251828872516,13.49744374990258,33,AH_Golf_Day_7_0
AH_Golf,DayOfWeekByMonth,July - Tuesday,Day_7_1,-0.0011577827578265801,18.63582836908378,39,AH_Golf_Day_7_1
AH_Golf,DayOfWeekByMonth,July - Wednesday,Day_7_2,-0.00036294432628875266,16.473414946167765,39,AH_Golf_Day_7_2
AH_Golf,DayOfWeekByMonth,July - Thursday,Day_7_3,-7.027075759193563e-05,14.39336627118526,37,AH_Golf_Day_7_3
AH_Golf,DayOfWeekByMonth,July - Friday,Day_7_4,-0.0004824390619694031,16.318344518861323,43,AH_Golf_Day_7_4
AH_Golf,DayOfWeekByMonth,July - Saturday,Day_7_5,-0.00045102893853273343,16.787786562064273,50,AH_Golf_Day_7_5
AH_Golf,DayOfWeekByMonth,July - Sunday,Day_7_6,-0.0007800951059708823,16.095783543910144,34,AH_Golf_Day_7_6
AH_Golf,DayOfWeekByMonth,August - Monday,Day_8_0,-0.001580633513347251,18.553898065770984,33,AH_Golf_Day_8_0
AH_Golf,DayOfWeekByMonth,August - Tuesday,Day_8_1,0.00030301823782544765,14.655941694761784,43,AH_Golf_Day_8_1
AH_Golf,DayOfWeekByMonth,August - Wednesday,Day_8_2,-9.688088314525429e-06,16.132252025332726,44,AH_Golf_Day_8_2
AH_Golf,DayOfWeekByMonth,August - Thursday,Day_8_3,-0.00047441103343274734,15.684781317701834,48,AH_Golf_Day_8_3
AH_Golf,DayOfWeekByMonth,August - Friday,Day_8_4,-0.0003275517653034406,15.988978990454315,52,AH_Golf_Day_8_4
AH_Golf,DayOfWeekByMonth,August - Saturday,Day_8_5,-0.0014806968879748613,18.185073801776152,48,AH_Golf_Day_8_5
AH_Golf,DayOfWeekByMonth,August - Sunday,Day_8_6,-0.0008781012585671135,16.69042256731439,27,AH_Golf_Day_8_6
AH_Golf,DayOfWeekByMonth,September - Monday,Day_9_0,3.3641656886494565e-05,12.7258588344707,20,AH_Golf_Day_9_0
AH_Golf,DayOfWeekByMonth,September - Tuesday,Day_9_1,0.0005958582876757504,12.92835347029003,34,AH_Golf_Day_9_1
AH_Golf,DayOfWeekByMonth,September - Wednesday,Day_9_2,0.0016500790404158703,10.659325818011903,30,AH_Golf_Day_9_2
AH_Golf,DayOfWeekByMonth,September - Thursday,Day_9_3,0.0010796669435044358,12.691655849623118,32,AH_Golf_Day_9_3
AH_Golf,DayOfWeekByMonth,September - Friday,Day_9_4,0.00046549881991217484,13.379460282476554,37,AH_Golf_Day_9_4
AH_Golf,DayOfWeekByMonth,September - Saturday,Day_9_5,-0.0008472206527889938,18.656649877322494,33,AH_Golf_Day_9_5
AH_Golf,DayOfWeekByMonth,September - Sunday,Day_9_6,-0.0005665853264478339,15.504281731600956,10,AH_Golf_Day_9_6
